"index","customer_id","name","country","gender","date_of_birth","date_account_start"
"0","2","Wolfgang Ackermann","Austria","male","1971-11-17T00:00:00.000","2018-10-15T00:00:00.000"
"1","3","Daniela Herzog","Austria","female","1974-08-07T00:00:00.000","2019-02-14T00:00:00.000"
"2","4","Julia Jung","Austria","female","1991-01-04T00:00:00.000","2017-11-22T00:00:00.000"
"3","5","Juliane Kirsch","Austria","female","1977-03-01T00:00:00.000","2018-12-16T00:00:00.000"
"4","6","Rowanne Couperus","Belgium","female","1994-04-05T00:00:00.000","2018-08-26T00:00:00.000"
"5","7","Annelous Sneep","Belgium","female","1993-11-14T00:00:00.000","2018-05-12T00:00:00.000"
"6","8","Jaëla van den Dolder","Belgium","female","1990-08-31T00:00:00.000","2018-02-08T00:00:00.000"
"7","9","Antal van Looij","Belgium","male","1982-06-18T00:00:00.000","2019-03-10T00:00:00.000"
"8","10","Arnout Veenhuis","Belgium","male","1984-07-26T00:00:00.000","2017-01-28T00:00:00.000"
"9","11","Yakup Mes","Belgium","male","1978-04-28T00:00:00.000","2019-02-19T00:00:00.000"
"10","12","Kristine J. Lauritsen","Denmark","female","1994-01-14T00:00:00.000","2018-12-02T00:00:00.000"
"11","13","Thomas T. Nissen","Denmark","male","1975-09-25T00:00:00.000","2017-04-30T00:00:00.000"
"12","14","Niels M. Holm","Denmark","male","1991-12-29T00:00:00.000","2018-01-26T00:00:00.000"
"13","15","Jasmin M. Krogh","Denmark","female","1977-11-12T00:00:00.000","2018-06-20T00:00:00.000"
"14","16","Sofia J. Pedersen","Denmark","female","1990-05-27T00:00:00.000","2018-10-02T00:00:00.000"
"15","17","Ida E. Gregersen","Denmark","female","1998-09-15T00:00:00.000","2018-02-07T00:00:00.000"
"16","18","Nikolaj L. Jensen","Denmark","male","1995-06-03T00:00:00.000","2019-01-14T00:00:00.000"
"17","19","Avelaine Piedalue","France","female","1972-04-14T00:00:00.000","2017-01-13T00:00:00.000"
"18","20","Jacqueline Cloutier","France","female","1990-09-30T00:00:00.000","2018-11-03T00:00:00.000"
"19","21","Avelaine Corbeil","France","female","1986-03-17T00:00:00.000","2017-06-11T00:00:00.000"
"20","22","Delit Perillard","France","female","1970-01-10T00:00:00.000","2018-11-18T00:00:00.000"
"21","23","Fleurette Pomerleau","France","female","1981-12-10T00:00:00.000","2017-09-04T00:00:00.000"
"22","24","Christien Tachel","France","male","1991-06-26T00:00:00.000","2018-09-21T00:00:00.000"
"23","25","Fiacre Montminy","France","male","1973-08-01T00:00:00.000","2017-03-29T00:00:00.000"
"24","26","Marcel Sicard","France","male","1988-08-06T00:00:00.000","2017-01-20T00:00:00.000"
"25","27","Perrin Patel","France","male","1994-10-30T00:00:00.000","2018-12-20T00:00:00.000"
"26","28","Sidney Généreux","France","male","1980-12-01T00:00:00.000","2017-02-04T00:00:00.000"
"27","29","Loyal Arcouet","France","male","1995-08-13T00:00:00.000","2017-10-30T00:00:00.000"
"28","30","Gradasso Mousseau","France","male","1976-07-11T00:00:00.000","2017-10-10T00:00:00.000"
"29","31","Christien D'Aubigné","France","male","1986-11-06T00:00:00.000","2018-02-13T00:00:00.000"
"30","32","Hayden O'Donnell","Great Britan","male","1991-11-07T00:00:00.000","2017-11-20T00:00:00.000"
"31","33","Oliver Fleming","Great Britan","male","1981-03-04T00:00:00.000","2018-02-22T00:00:00.000"
"32","34","Oscar Stanley","Great Britan","male","1993-12-01T00:00:00.000","2017-03-31T00:00:00.000"
"33","35","Harvey Jarvis","Great Britan","male","1990-01-16T00:00:00.000","2017-05-22T00:00:00.000"
"34","36","Jacob Hope","Great Britan","male","1979-08-27T00:00:00.000","2018-06-24T00:00:00.000"
"35","37","Sienna Forster","Great Britan","female","1984-12-16T00:00:00.000","2018-12-09T00:00:00.000"
"36","38","Millie Marsden","Great Britan","female","1974-07-02T00:00:00.000","2017-11-06T00:00:00.000"
"37","39","Amy Haynes","Great Britan","female","1975-07-28T00:00:00.000","2018-01-19T00:00:00.000"
"38","40","Matilda Connor","Great Britan","female","1990-12-18T00:00:00.000","2019-01-18T00:00:00.000"
"39","41","Zara Mitchell","Great Britan","female","1994-07-08T00:00:00.000","2017-06-12T00:00:00.000"
"40","42","Takáts Agoti","Hungary","female","1992-07-07T00:00:00.000","2018-11-08T00:00:00.000"
"41","43","Szôllôs Erzebet","Hungary","female","1995-09-04T00:00:00.000","2018-08-17T00:00:00.000"
"42","44","Lakatos Mária","Hungary","female","1994-11-28T00:00:00.000","2018-08-12T00:00:00.000"
"43","45","Vargha Ivett","Hungary","female","1998-11-27T00:00:00.000","2017-08-09T00:00:00.000"
"44","46","Söröss Ema","Hungary","female","1984-03-13T00:00:00.000","2017-06-26T00:00:00.000"
"45","47","Kállai Sólyom","Hungary","male","1983-10-29T00:00:00.000","2018-10-18T00:00:00.000"
"46","48","Mayer Károly","Hungary","male","1991-06-02T00:00:00.000","2019-02-26T00:00:00.000"
"47","49","Havasy Kristof","Hungary","male","1998-06-13T00:00:00.000","2017-01-18T00:00:00.000"
"48","50","Csordás Ármin","Hungary","male","1986-11-30T00:00:00.000","2018-04-23T00:00:00.000"
"49","51","Sághy Sebes","Hungary","male","1976-01-04T00:00:00.000","2017-03-15T00:00:00.000"
"50","52","Szepessi Marton","Hungary","male","1983-03-14T00:00:00.000","2018-03-24T00:00:00.000"
"51","53","Teresio Panicucci","Italy","male","1999-07-21T00:00:00.000","2018-11-06T00:00:00.000"
"52","54","Demetrio Palermo","Italy","male","1997-10-10T00:00:00.000","2018-10-17T00:00:00.000"
"53","55","Facino Milano","Italy","male","1973-05-23T00:00:00.000","2018-01-02T00:00:00.000"
"54","56","Dionisio Li Fonti","Italy","male","1998-01-11T00:00:00.000","2019-02-12T00:00:00.000"
"55","57","Mario Lettiere","Italy","male","1975-05-04T00:00:00.000","2018-01-30T00:00:00.000"
"56","58","Rocco Buccho","Italy","male","1999-07-03T00:00:00.000","2018-02-27T00:00:00.000"
"57","59","Cristoforo Mancini","Italy","male","1980-06-05T00:00:00.000","2018-01-12T00:00:00.000"
"58","60","Gloria Folliero","Italy","female","1972-03-09T00:00:00.000","2018-10-24T00:00:00.000"
"59","61","Nella Manfrin","Italy","female","1974-01-11T00:00:00.000","2017-05-14T00:00:00.000"
"60","62","Gina Lucciano","Italy","female","1985-11-29T00:00:00.000","2018-05-22T00:00:00.000"
"61","63","Candida Padovano","Italy","female","1976-03-21T00:00:00.000","2018-10-13T00:00:00.000"
"62","64","Dalia Lucciano","Italy","female","1972-09-18T00:00:00.000","2018-09-20T00:00:00.000"
"63","65","Vittoria Bellucci","Italy","female","1978-04-02T00:00:00.000","2017-04-09T00:00:00.000"
"64","66","Filippa Toscani","Italy","female","1981-04-23T00:00:00.000","2017-02-28T00:00:00.000"
"65","67","Dora Milanesi","Italy","female","1998-04-19T00:00:00.000","2018-11-22T00:00:00.000"
"66","68","Irma Siciliani","Italy","female","1980-01-20T00:00:00.000","2019-02-18T00:00:00.000"
"67","69","Violetta Pagnotto","Italy","female","1999-05-04T00:00:00.000","2018-12-23T00:00:00.000"
"68","70","Annabella Endrizzi","Italy","female","1971-07-31T00:00:00.000","2018-05-10T00:00:00.000"
"69","71","Donata Bellucci","Italy","female","1981-04-02T00:00:00.000","2017-11-23T00:00:00.000"
"70","72","Macaria Onio","Italy","female","1997-04-20T00:00:00.000","2017-09-07T00:00:00.000"
"71","73","Veneranda Milani","Italy","female","1983-01-15T00:00:00.000","2018-01-15T00:00:00.000"
"72","74","Fausto Sabbatini","Italy","male","1978-01-23T00:00:00.000","2018-03-16T00:00:00.000"
"73","75","Luca Pinto","Italy","male","1971-02-04T00:00:00.000","2019-03-09T00:00:00.000"
"74","76","Michelino Barese","Italy","male","1986-04-22T00:00:00.000","2017-10-06T00:00:00.000"
"75","77","Nunzio Milanesi","Italy","male","1972-04-06T00:00:00.000","2018-04-27T00:00:00.000"
"76","78","Doroteo Napolitano","Italy","male","1992-06-01T00:00:00.000","2017-07-27T00:00:00.000"
"77","79","Quarantino Barese","Italy","male","1978-11-29T00:00:00.000","2017-09-27T00:00:00.000"
"78","80","Tymoteusz Nowak","Poland","male","1983-07-27T00:00:00.000","2018-11-17T00:00:00.000"
"79","81","Jarek Tomaszewski","Poland","male","1972-11-30T00:00:00.000","2018-11-01T00:00:00.000"
"80","82","Dobrogost Nowakowski","Poland","male","1993-08-14T00:00:00.000","2018-02-21T00:00:00.000"
"81","83","Marek Zawadzki","Poland","male","1995-11-21T00:00:00.000","2019-04-01T00:00:00.000"
"82","84","Maksym Wojciechowski","Poland","male","1992-11-23T00:00:00.000","2018-08-15T00:00:00.000"
"83","85","Teofil Szczepański","Poland","male","1979-02-25T00:00:00.000","2018-10-14T00:00:00.000"
"84","86","Albin Jaworski","Poland","male","1984-05-01T00:00:00.000","2017-12-15T00:00:00.000"
"85","87","Frydryk Wieczorek","Poland","male","1996-11-17T00:00:00.000","2017-06-01T00:00:00.000"
"86","88","Bazyli Kalinowski","Poland","male","1973-03-07T00:00:00.000","2018-07-26T00:00:00.000"
"87","89","Klementyna Borkowska","Poland","female","1975-05-10T00:00:00.000","2017-03-03T00:00:00.000"
"88","90","Zosia Adamczyk","Poland","female","1988-12-31T00:00:00.000","2019-01-13T00:00:00.000"
"89","91","Ewa Zawadzka","Poland","female","1988-07-13T00:00:00.000","2018-01-05T00:00:00.000"
"90","92","Honorata Nowak","Poland","female","1986-05-02T00:00:00.000","2017-09-21T00:00:00.000"
"91","93","Ivi Boškan","Slovenia","female","1997-08-12T00:00:00.000","2017-04-19T00:00:00.000"
"92","94","Seima Andreč","Slovenia","female","1989-11-19T00:00:00.000","2017-04-08T00:00:00.000"
"93","95","Darija Pokec","Slovenia","female","1992-01-28T00:00:00.000","2017-05-31T00:00:00.000"
"94","96","Cvijeta Hervatski","Slovenia","female","1981-07-15T00:00:00.000","2018-09-19T00:00:00.000"
"95","97","Šida Črnčič","Slovenia","female","1978-08-21T00:00:00.000","2017-06-18T00:00:00.000"
"96","98","Nesiha Tomat","Slovenia","female","1977-07-07T00:00:00.000","2017-09-22T00:00:00.000"
"97","99","Majdi Rozin","Slovenia","female","1996-09-12T00:00:00.000","2017-01-31T00:00:00.000"
"98","100","Tonček Bolje","Slovenia","male","1992-12-14T00:00:00.000","2018-02-20T00:00:00.000"
"99","101","Tunjo Krličević","Slovenia","male","1994-10-29T00:00:00.000","2019-03-23T00:00:00.000"
"100","102","Jaša Zorzut","Slovenia","male","1984-10-06T00:00:00.000","2018-07-15T00:00:00.000"
"101","103","Seljim Runovec","Slovenia","male","1982-01-12T00:00:00.000","2017-08-12T00:00:00.000"
"102","104","Dimitri Zambrano Morales","Spain","male","1992-06-21T00:00:00.000","2017-04-12T00:00:00.000"
"103","105","Micael Cardona Razo","Spain","male","1989-12-04T00:00:00.000","2017-09-10T00:00:00.000"
"104","106","Jenofonte Gaona Mireles","Spain","male","1998-12-18T00:00:00.000","2017-12-21T00:00:00.000"
"105","107","Filippo Segovia Muro","Spain","male","1996-12-29T00:00:00.000","2018-02-12T00:00:00.000"
"106","108","Saúl Tafoya Meraz","Spain","male","1992-05-15T00:00:00.000","2017-03-13T00:00:00.000"
"107","109","Zohar Malave Ornelas","Spain","male","1979-10-22T00:00:00.000","2018-07-22T00:00:00.000"
"108","110","Ann Guajardo Méndez","Spain","female","1998-07-17T00:00:00.000","2017-10-31T00:00:00.000"
"109","111","Quirina Alcaraz Sánchez","Spain","female","1980-11-05T00:00:00.000","2017-06-17T00:00:00.000"
"110","112","Exaltación Herrera Ceja","Spain","female","1979-11-20T00:00:00.000","2017-10-15T00:00:00.000"
"111","113","Lucy Centeno Barrios","Spain","female","1970-11-03T00:00:00.000","2017-06-13T00:00:00.000"
"112","114","Canela Gaona Lozano","Spain","female","1997-04-01T00:00:00.000","2017-02-14T00:00:00.000"
"113","115","Merlin Rolón Badillo","Spain","female","1977-10-14T00:00:00.000","2019-02-21T00:00:00.000"
"114","116","Maciela Casillas Peralta","Spain","female","1991-03-30T00:00:00.000","2017-12-10T00:00:00.000"
"115","117","Moira Jurado Paez","Spain","female","1996-01-30T00:00:00.000","2018-11-09T00:00:00.000"
"116","118","Digna Mateo Carrasquill","Spain","female","1978-11-01T00:00:00.000","2017-11-24T00:00:00.000"
"117","119","Lisa Ibarra Valadez","Spain","female","1998-12-08T00:00:00.000","2019-03-06T00:00:00.000"
"118","120","Robin J. Himes","USA","male","1988-11-30T00:00:00.000","2018-08-06T00:00:00.000"
"119","121","Annie R. Barnett","USA","female","1987-03-02T00:00:00.000","2017-09-13T00:00:00.000"
"120","122","Thelma B. Coward","USA","female","1971-04-15T00:00:00.000","2018-11-27T00:00:00.000"
"121","123","Andrew J. Ramos","USA","male","1994-03-11T00:00:00.000","2018-12-30T00:00:00.000"